"""vexeso1""","[""68A03531""]",Thu Jun 30 05:04:38 2022,Thu Jun 30 05:31:14 2022"""vexeso1""","[""68A03531""]",Thu Jun 30 05:04:38 2022,Thu Jun 30 05:36:37 2022"""vexeso1""","[""68A03531""]",Thu Jun 30 05:04:38 2022,Thu Jun 30 05:39:30 2022"""vexeso1""","[""68A03531""]",Thu Jun 30 05:04:38 2022,Thu Jun 30 05:45:20 2022"""vexeso1""","[""68A03531""]",Thu Jun 30 05:04:38 2022,Thu Jun 30 05:47:38 2022
"""vexeso1""","[""68A03531""]",Thu Jun 30 05:04:38 2022,Thu Jun 30 05:49:21 2022
"""vexeso1""","[""68A03531""]",Thu Jun 30 05:04:38 2022,Thu Jun 30 05:50:32 2022
"""vexeso1""","[""68A03531""]",Thu Jun 30 05:04:38 2022,Thu Jun 30 05:59:46 2022
"""vexeso1""","[""68A03531""]",Thu Jun 30 05:04:38 2022,Thu Jun 30 06:03:31 2022
"""vexeso1""","[""68A03531""]",Thu Jun 30 05:04:38 2022,Thu Jun 30 06:08:15 2022
"""vexeso1""","[""68A03531""]",Thu Jun 30 05:04:38 2022,Thu Jun 30 06:09:54 2022
"""vexeso1""","[""68A03531""]",Thu Jun 30 05:04:38 2022,Thu Jun 30 06:10:49 2022
"""vexeso1""","[""68A03531""]",Thu Jun 30 05:04:38 2022,Thu Jun 30 06:11:39 2022
"""vexeso1""","[""68A03531""]",Thu Jun 30 05:04:38 2022,Thu Jun 30 06:11:42 2022
"""vexeso1""","[""68A03531""]",Thu Jun 30 05:04:38 2022,Thu Jun 30 06:14:18 2022
"""vexeso1""","[""68A03531""]",Thu Jun 30 05:04:38 2022,Thu Jun 30 06:21:45 2022
